{"cameraMode":{"drawMode":0,"name":"Shaded","section":"Shading Mode"},"sceneLighting":true,"audioPlay":false,"sceneViewState":{"showFog":true,"showMaterialUpdate":true,"showSkybox":true,"showFlares":true,"showImageEffects":true,"showParticleSystems":true},"in2DMode":false,"pivot":{"x":-554.7396240234375,"y":418.28179931640627,"z":-718.8496704101563},"rotation":{"x":0.014492780901491642,"y":-0.8619711399078369,"z":-0.02453818917274475,"w":-0.5062441229820252},"size":51.539974212646487,"orthographic":true}