{"cameraMode":{"drawMode":0,"name":"Shaded","section":"Shading Mode"},"sceneLighting":false,"audioPlay":false,"sceneViewState":{"showFog":true,"showMaterialUpdate":false,"showSkybox":false,"showFlares":true,"showImageEffects":true,"showParticleSystems":true},"in2DMode":false,"pivot":{"x":-2.9499998092651369,"y":-0.36999988555908205,"z":0.0},"rotation":{"x":-0.0013501700013875962,"y":-0.4354994595050812,"z":0.0006533374544233084,"w":-0.9002373814582825},"size":10.24740219116211,"orthographic":true}