{"cameraMode":{"drawMode":0,"name":"Shaded","section":"Shading Mode"},"sceneLighting":false,"audioPlay":false,"sceneViewState":{"showFog":true,"showMaterialUpdate":false,"showSkybox":false,"showFlares":true,"showImageEffects":true,"showParticleSystems":true},"in2DMode":false,"pivot":{"x":-2.9499998092651369,"y":-0.36999988555908205,"z":0.0},"rotation":{"x":-0.004630038980394602,"y":-0.9830731749534607,"z":0.0250743068754673,"w":-0.18165726959705354},"size":8.66025447845459,"orthographic":true}