{"cameraMode":{"drawMode":0,"name":"Shaded","section":"Shading Mode"},"sceneLighting":true,"audioPlay":false,"sceneViewState":{"showFog":true,"showMaterialUpdate":false,"showSkybox":true,"showFlares":true,"showImageEffects":true,"showParticleSystems":true},"in2DMode":false,"pivot":{"x":153.2755126953125,"y":391.95849609375,"z":-233.0220947265625},"rotation":{"x":0.010700701735913754,"y":0.987966775894165,"z":-0.08776436001062393,"w":0.1293947547674179},"size":141.65673828125,"orthographic":true}