{"cameraMode":{"drawMode":0,"name":"Shaded","section":"Shading Mode"},"sceneLighting":true,"audioPlay":false,"sceneViewState":{"showFog":true,"showMaterialUpdate":false,"showSkybox":true,"showFlares":true,"showImageEffects":true,"showParticleSystems":true},"in2DMode":false,"pivot":{"x":-135.84225463867188,"y":491.71453857421877,"z":86.24951171875},"rotation":{"x":0.06175179034471512,"y":0.7194792032241821,"z":-0.0653286725282669,"w":0.6889171004295349},"size":1471.115234375,"orthographic":true}