{"cameraMode":{"drawMode":0,"name":"Shaded","section":"Shading Mode"},"sceneLighting":true,"audioPlay":false,"sceneViewState":{"showFog":true,"showMaterialUpdate":false,"showSkybox":true,"showFlares":true,"showImageEffects":true,"showParticleSystems":true},"in2DMode":false,"pivot":{"x":-7.9151153564453129,"y":35.650169372558597,"z":-10.141769409179688},"rotation":{"x":0.038994695991277698,"y":-0.04642486572265625,"z":0.0010314685059711338,"w":0.9984439611434937},"size":1403.0157470703125,"orthographic":true}