{"cameraMode":{"drawMode":0,"name":"Shaded","section":"Shading Mode"},"sceneLighting":true,"audioPlay":false,"sceneViewState":{"showFog":true,"showMaterialUpdate":false,"showSkybox":true,"showFlares":true,"showImageEffects":true,"showParticleSystems":true},"in2DMode":false,"pivot":{"x":-554.7396240234375,"y":418.28179931640627,"z":-718.8496704101563},"rotation":{"x":0.536670982837677,"y":-0.16344760358333589,"z":0.10684366524219513,"w":0.820921778678894},"size":26.532625198364259,"orthographic":true}