{"cameraMode":{"drawMode":0,"name":"Shaded","section":"Shading Mode"},"sceneLighting":true,"audioPlay":false,"sceneViewState":{"showFog":true,"showMaterialUpdate":false,"showSkybox":true,"showFlares":true,"showImageEffects":true,"showParticleSystems":true},"in2DMode":false,"pivot":{"x":560.4991455078125,"y":415.3636474609375,"z":-724.5421142578125},"rotation":{"x":0.0973835289478302,"y":-0.7500177025794983,"z":0.11335708945989609,"w":0.644371509552002},"size":328.55169677734377,"orthographic":true}