{"cameraMode":{"drawMode":0,"name":"Shaded","section":"Shading Mode"},"sceneLighting":false,"audioPlay":false,"sceneViewState":{"showFog":true,"showMaterialUpdate":false,"showSkybox":false,"showFlares":true,"showImageEffects":true,"showParticleSystems":true},"in2DMode":false,"pivot":{"x":665.9908447265625,"y":652.774658203125,"z":5.692626953125},"rotation":{"x":0.010808664374053479,"y":-0.007503756321966648,"z":0.00008193158282665536,"w":0.9999247193336487},"size":189.4784393310547,"orthographic":false}