{"cameraMode":{"drawMode":0,"name":"Shaded","section":"Shading Mode"},"sceneLighting":true,"audioPlay":false,"sceneViewState":{"showFog":true,"showMaterialUpdate":false,"showSkybox":true,"showFlares":true,"showImageEffects":true,"showParticleSystems":true},"in2DMode":false,"pivot":{"x":657.5638427734375,"y":867.1654052734375,"z":74.2733154296875},"rotation":{"x":0.10047534108161926,"y":-0.05668451637029648,"z":0.005733501631766558,"w":0.9933114647865295},"size":614.463623046875,"orthographic":false}