{"cameraMode":{"drawMode":0,"name":"Shaded","section":"Shading Mode"},"sceneLighting":true,"audioPlay":false,"sceneViewState":{"showFog":true,"showMaterialUpdate":false,"showSkybox":true,"showFlares":true,"showImageEffects":true,"showParticleSystems":true},"in2DMode":false,"pivot":{"x":34.505889892578128,"y":389.0399169921875,"z":918.084228515625},"rotation":{"x":-0.04048851877450943,"y":0.00449629221111536,"z":0.0001821995829232037,"w":0.9991695880889893},"size":68.45001220703125,"orthographic":true}