{"cameraMode":{"drawMode":0,"name":"Shaded","section":"Shading Mode"},"sceneLighting":false,"audioPlay":false,"sceneViewState":{"showFog":true,"showMaterialUpdate":false,"showSkybox":false,"showFlares":true,"showImageEffects":true,"showParticleSystems":true},"in2DMode":false,"pivot":{"x":0.121337890625,"y":-0.47998046875,"z":0.140625},"rotation":{"x":-0.049224477261304858,"y":-0.10203313082456589,"z":-0.005041653290390968,"w":0.9935799241065979},"size":1.3976373672485352,"orthographic":true}