{"cameraMode":{"drawMode":0,"name":"Shaded","section":"Shading Mode"},"sceneLighting":false,"audioPlay":false,"sceneViewState":{"showFog":true,"showMaterialUpdate":false,"showSkybox":false,"showFlares":true,"showImageEffects":true,"showParticleSystems":true},"in2DMode":false,"pivot":{"x":-3.544060707092285,"y":1.0239801406860352,"z":-0.551055908203125},"rotation":{"x":0.07476471364498139,"y":0.0666922777891159,"z":0.00502825016155839,"w":-0.9950050115585327},"size":90.93436431884766,"orthographic":true}