{"cameraMode":{"drawMode":0,"name":"Shaded","section":"Shading Mode"},"sceneLighting":false,"audioPlay":false,"sceneViewState":{"showFog":true,"showMaterialUpdate":false,"showSkybox":false,"showFlares":true,"showImageEffects":true,"showParticleSystems":true},"in2DMode":false,"pivot":{"x":541.8932495117188,"y":485.85162353515627,"z":313.936279296875},"rotation":{"x":0.054282691329717639,"y":-0.002999827964231372,"z":0.0001637083914829418,"w":0.9985307455062866},"size":1081.48828125,"orthographic":false}