{"cameraMode":{"drawMode":0,"name":"Shaded","section":"Shading Mode"},"sceneLighting":true,"audioPlay":false,"sceneViewState":{"showFog":true,"showMaterialUpdate":false,"showSkybox":true,"showFlares":true,"showImageEffects":true,"showParticleSystems":true},"in2DMode":false,"pivot":{"x":-226.933837890625,"y":501.805908203125,"z":-64.43891906738281},"rotation":{"x":-0.03477609530091286,"y":0.8737434148788452,"z":0.48181846737861636,"w":0.06155923008918762},"size":373.0154724121094,"orthographic":true}